idx,x,y,z,vx,vy,vz,pressure
0,-12.566370614359172,-1.0,-4.71238898038469,0.0,0.0,-2.8399881e-19,0.0028300164
1,-12.566370614359172,-1.0,-3.6651914291880923,0.0,0.0,-7.207266e-21,-0.004363478
2,-12.566370614359172,-1.0,-2.6179938779914944,0.0,0.0,2.632172e-20,-0.0056302166
3,-12.566370614359172,-1.0,-1.5707963267948966,0.0,0.0,-2.8269337e-19,-0.0032395737
4,-12.566370614359172,-1.0,-0.5235987755982991,0.0,0.0,1.5808121e-19,0.015271619
5,-12.566370614359172,-1.0,0.5235987755982983,0.0,0.0,-5.4999504e-20,0.0067764046
6,-12.566370614359172,-1.0,1.5707963267948966,0.0,0.0,-1.3927333e-19,0.013354437
7,-12.566370614359172,-1.0,2.617993877991494,0.0,0.0,-2.8262642e-19,-0.006478499
8,-12.566370614359172,-1.0,3.6651914291880914,0.0,0.0,-1.3864644e-19,-0.004761053
9,-12.566370614359172,-1.0,4.71238898038469,0.0,0.0,-2.8399902e-19,0.0028300155
10,-12.566370614359172,-0.33333333333333337,-4.71238898038469,1.0540471,0.049375158,0.005170568,0.0015678247
11,-12.566370614359172,-0.33333333333333337,-3.6651914291880923,1.0679691,0.044534076,0.02304052,0.0025208776
12,-12.566370614359172,-0.33333333333333337,-2.6179938779914944,1.0538387,0.09623249,0.063491434,-0.001859047
13,-12.566370614359172,-0.33333333333333337,-1.5707963267948966,0.9730991,0.060749505,-0.03203649,7.706786e-05
14,-12.566370614359172,-0.33333333333333337,-0.5235987755982991,1.1878178,-0.03587749,0.034568895,0.0007140159
15,-12.566370614359172,-0.33333333333333337,0.5235987755982983,1.1142418,0.10490348,-0.04419317,-0.004434082
16,-12.566370614359172,-0.33333333333333337,1.5707963267948966,1.140585,0.034087278,0.02907261,0.00025828142
17,-12.566370614359172,-0.33333333333333337,2.617993877991494,1.0159957,0.03766675,-0.027099408,-0.0012296938
18,-12.566370614359172,-0.33333333333333337,3.6651914291880914,1.0986861,0.024418768,-0.024716452,-0.0005111328
19,-12.566370614359172,-0.33333333333333337,4.71238898038469,1.0540471,0.049375158,0.005170571,0.001567825
20,-12.566370614359172,0.33333333333333326,-4.71238898038469,1.1475828,0.0070590354,0.039362498,0.00036537365
21,-12.566370614359172,0.33333333333333326,-3.6651914291880923,1.0957747,0.03603611,0.031553954,-0.00087354606
22,-12.566370614359172,0.33333333333333326,-2.6179938779914944,1.1300484,0.0020163467,-0.03490761,0.0022100853
23,-12.566370614359172,0.33333333333333326,-1.5707963267948966,1.146582,-0.0009320655,0.08600595,0.0024771371
24,-12.566370614359172,0.33333333333333326,-0.5235987755982991,1.0136725,0.035348374,0.051410303,0.0005168238
25,-12.566370614359172,0.33333333333333326,0.5235987755982983,1.1989185,0.004101188,-0.04096532,-0.0014336365
26,-12.566370614359172,0.33333333333333326,1.5707963267948966,1.1489855,0.03332457,0.033062708,0.00035366754
27,-12.566370614359172,0.33333333333333326,2.617993877991494,1.1183825,0.06011523,-0.03530975,-0.00024265474
28,-12.566370614359172,0.33333333333333326,3.6651914291880914,1.0269277,0.023761366,-0.024207396,-0.0013391334
29,-12.566370614359172,0.33333333333333326,4.71238898038469,1.1475828,0.0070590377,0.0393625,0.00036537353
30,-12.566370614359172,1.0,-4.71238898038469,0.0,0.0,1.9340563e-19,0.0013017191
31,-12.566370614359172,1.0,-3.6651914291880923,0.0,0.0,-1.7366804e-20,0.001011787
32,-12.566370614359172,1.0,-2.6179938779914944,0.0,0.0,-1.4748015e-19,0.003254666
33,-12.566370614359172,1.0,-1.5707963267948966,0.0,0.0,-1.8113503e-19,-0.015206882
34,-12.566370614359172,1.0,-0.5235987755982991,0.0,0.0,7.85294e-20,-0.004503869
35,-12.566370614359172,1.0,0.5235987755982983,0.0,0.0,1.9652337e-19,0.0040549375
36,-12.566370614359172,1.0,1.5707963267948966,0.0,0.0,5.745829e-20,0.00027085174
37,-12.566370614359172,1.0,2.617993877991494,0.0,0.0,2.3260283e-19,0.001504518
38,-12.566370614359172,1.0,3.6651914291880914,0.0,0.0,-2.2134384e-19,0.0013554009
39,-12.566370614359172,1.0,4.71238898038469,0.0,0.0,1.9340592e-19,0.0013017197
40,-11.243594760216101,-1.0,-4.71238898038469,0.0,0.0,2.2892678e-19,0.0026097596
41,-11.243594760216101,-1.0,-3.6651914291880923,0.0,0.0,9.756553e-20,-0.0044445917
42,-11.243594760216101,-1.0,-2.6179938779914944,0.0,0.0,2.416006e-19,-0.0010290686
43,-11.243594760216101,-1.0,-1.5707963267948966,0.0,0.0,4.1927616e-19,0.0013358205
44,-11.243594760216101,-1.0,-0.5235987755982991,0.0,0.0,4.9115374e-20,0.0060969316
45,-11.243594760216101,-1.0,0.5235987755982983,0.0,0.0,2.4004042e-21,0.0046398346
46,-11.243594760216101,-1.0,1.5707963267948966,0.0,0.0,1.1937682e-19,0.00033006133
47,-11.243594760216101,-1.0,2.617993877991494,0.0,0.0,-2.3662099e-20,-0.0045326706
48,-11.243594760216101,-1.0,3.6651914291880914,0.0,0.0,-1.2360039e-20,0.001492984
49,-11.243594760216101,-1.0,4.71238898038469,0.0,0.0,2.289266e-19,0.002609756
50,-11.243594760216101,-0.33333333333333337,-4.71238898038469,1.0722076,-0.0086963205,0.09321072,0.00027803323
51,-11.243594760216101,-0.33333333333333337,-3.6651914291880923,1.0101782,-0.0053149676,-0.052063495,0.0005883654
52,-11.243594760216101,-0.33333333333333337,-2.6179938779914944,1.1289086,-0.04205453,0.027724052,-0.0017769239
53,-11.243594760216101,-0.33333333333333337,-1.5707963267948966,1.0217294,0.024523742,0.03706679,-0.0039025107
54,-11.243594760216101,-0.33333333333333337,-0.5235987755982991,1.1023288,-0.0002673568,0.028580401,0.0046802703
55,-11.243594760216101,-0.33333333333333337,0.5235987755982983,1.0907379,-0.00734391,0.025624909,-8.3341176e-05
56,-11.243594760216101,-0.33333333333333337,1.5707963267948966,1.1089534,0.021650795,0.014751103,0.0028128894
57,-11.243594760216101,-0.33333333333333337,2.617993877991494,0.963009,0.10080574,0.017619383,-0.0041442784
58,-11.243594760216101,-0.33333333333333337,3.6651914291880914,1.1504799,0.00030578484,-0.009674461,0.0006875749
59,-11.243594760216101,-0.33333333333333337,4.71238898038469,1.0722076,-0.008696335,0.09321075,0.00027803134
60,-11.243594760216101,0.33333333333333326,-4.71238898038469,1.094902,0.028895557,-0.017207067,0.0002040209
61,-11.243594760216101,0.33333333333333326,-3.6651914291880923,1.0310704,-0.021348713,0.07453445,0.002610571
62,-11.243594760216101,0.33333333333333326,-2.6179938779914944,1.1534085,0.023364982,-0.015260798,0.0002481023
63,-11.243594760216101,0.33333333333333326,-1.5707963267948966,1.1243275,0.003926287,-0.029751685,-0.0029548272
64,-11.243594760216101,0.33333333333333326,-0.5235987755982991,1.1235614,0.037119653,-0.053863112,-0.0014835146
65,-11.243594760216101,0.33333333333333326,0.5235987755982983,1.1336563,0.023275994,0.0072956337,0.002697188
66,-11.243594760216101,0.33333333333333326,1.5707963267948966,1.0748467,0.018988492,-0.036397275,0.0030277432
67,-11.243594760216101,0.33333333333333326,2.617993877991494,1.121615,-0.0024922986,-0.14732225,-0.0037299183
68,-11.243594760216101,0.33333333333333326,3.6651914291880914,0.9036453,-0.043216377,0.043816164,-0.00045300848
69,-11.243594760216101,0.33333333333333326,4.71238898038469,1.094902,0.028895553,-0.017207077,0.00020402105
70,-11.243594760216101,1.0,-4.71238898038469,0.0,0.0,-2.4962526e-20,0.012190902
71,-11.243594760216101,1.0,-3.6651914291880923,0.0,0.0,3.994449e-20,0.00093576795
72,-11.243594760216101,1.0,-2.6179938779914944,0.0,0.0,4.2559147e-20,-0.0074230125
73,-11.243594760216101,1.0,-1.5707963267948966,0.0,0.0,-1.3616345e-19,-0.0082272785
74,-11.243594760216101,1.0,-0.5235987755982991,0.0,0.0,-2.0469599e-19,-0.0049890676
75,-11.243594760216101,1.0,0.5235987755982983,0.0,0.0,-4.8472364e-20,0.018032694
76,-11.243594760216101,1.0,1.5707963267948966,0.0,0.0,1.0759735e-19,-0.004901337
77,-11.243594760216101,1.0,2.617993877991494,0.0,0.0,6.9676344e-20,-0.0039629787
78,-11.243594760216101,1.0,3.6651914291880914,0.0,0.0,-4.473882e-19,-0.002791586
79,-11.243594760216101,1.0,4.71238898038469,0.0,0.0,-2.4961671e-20,0.012190909
80,-9.92081890607303,-1.0,-4.71238898038469,0.0,0.0,1.5060043e-19,-0.006841995
81,-9.92081890607303,-1.0,-3.6651914291880923,0.0,0.0,5.471715e-20,0.00033373482
82,-9.92081890607303,-1.0,-2.6179938779914944,0.0,0.0,-2.8199606e-19,-0.0033312116
83,-9.92081890607303,-1.0,-1.5707963267948966,0.0,0.0,-3.6697198e-19,0.0043646833
84,-9.92081890607303,-1.0,-0.5235987755982991,0.0,0.0,-3.6401287e-19,0.0075298226
85,-9.92081890607303,-1.0,0.5235987755982983,0.0,0.0,-5.764796e-20,0.004719591
86,-9.92081890607303,-1.0,1.5707963267948966,0.0,0.0,1.4764597e-20,0.010225044
87,-9.92081890607303,-1.0,2.617993877991494,0.0,0.0,4.949451e-20,0.001906855
88,-9.92081890607303,-1.0,3.6651914291880914,0.0,0.0,-1.3281043e-19,-0.00094426604
89,-9.92081890607303,-1.0,4.71238898038469,0.0,0.0,1.5060075e-19,-0.006841999
90,-9.92081890607303,-0.33333333333333337,-4.71238898038469,1.0038359,-0.0776089,0.097866274,-0.007249039
91,-9.92081890607303,-0.33333333333333337,-3.6651914291880923,1.032724,-0.0025571606,-0.026901776,0.0014417071
92,-9.92081890607303,-0.33333333333333337,-2.6179938779914944,1.1855012,-0.023622049,-0.024548937,-0.0024742477
93,-9.92081890607303,-0.33333333333333337,-1.5707963267948966,1.1022024,0.0034235062,-0.026275313,0.0010297728
94,-9.92081890607303,-0.33333333333333337,-0.5235987755982991,1.1135448,-0.023277057,0.0004161679,-8.09874e-05
95,-9.92081890607303,-0.33333333333333337,0.5235987755982983,1.0803106,-0.007215637,0.031665318,-0.0011668791
96,-9.92081890607303,-0.33333333333333337,1.5707963267948966,1.0789783,-0.040492095,0.04759303,-0.009411096
97,-9.92081890607303,-0.33333333333333337,2.617993877991494,0.94293827,0.009253434,0.06698172,-0.003488853
98,-9.92081890607303,-0.33333333333333337,3.6651914291880914,1.1349887,-0.050767653,0.018159242,0.0008454348
99,-9.92081890607303,-0.33333333333333337,4.71238898038469,1.0038359,-0.0776089,0.09786623,-0.0072490433
100,-9.92081890607303,0.33333333333333326,-4.71238898038469,1.1320791,-0.029275123,0.010292606,-0.00034231407
101,-9.92081890607303,0.33333333333333326,-3.6651914291880923,0.99663067,-0.01663064,-0.08740177,-0.0009598873
102,-9.92081890607303,0.33333333333333326,-2.6179938779914944,1.0834088,-0.048255756,0.043729667,0.00042372046
103,-9.92081890607303,0.33333333333333326,-1.5707963267948966,1.144168,-0.0012081164,-0.045090057,-0.00016913957
104,-9.92081890607303,0.33333333333333326,-0.5235987755982991,1.0428294,-0.032801732,-0.095709205,0.0026688282
105,-9.92081890607303,0.33333333333333326,0.5235987755982983,1.1604279,0.001747866,-0.034816276,0.0006399002
106,-9.92081890607303,0.33333333333333326,1.5707963267948966,1.1322812,0.019056018,0.046589244,-0.0063012526
107,-9.92081890607303,0.33333333333333326,2.617993877991494,1.171374,-0.036220938,-0.0655771,0.00032135952
108,-9.92081890607303,0.33333333333333326,3.6651914291880914,1.0881073,0.0172885,-0.041137032,-0.0023613635
109,-9.92081890607303,0.33333333333333326,4.71238898038469,1.1320791,-0.029275127,0.010292607,-0.0003423137
110,-9.92081890607303,1.0,-4.71238898038469,0.0,0.0,2.038992e-19,0.019442407
111,-9.92081890607303,1.0,-3.6651914291880923,0.0,0.0,-1.8197684e-19,-0.0073557715
112,-9.92081890607303,1.0,-2.6179938779914944,0.0,0.0,-4.0317626e-20,0.004533192
113,-9.92081890607303,1.0,-1.5707963267948966,0.0,0.0,-2.5652967e-19,-0.00090594986
114,-9.92081890607303,1.0,-0.5235987755982991,0.0,0.0,3.0350828e-19,-0.0041015516
115,-9.92081890607303,1.0,0.5235987755982983,0.0,0.0,-4.0977584e-20,0.014282068
116,-9.92081890607303,1.0,1.5707963267948966,0.0,0.0,9.071113e-20,0.0017063323
117,-9.92081890607303,1.0,2.617993877991494,0.0,0.0,6.992834e-20,0.0014791229
118,-9.92081890607303,1.0,3.6651914291880914,0.0,0.0,-7.6128437e-20,0.0024966695
119,-9.92081890607303,1.0,4.71238898038469,0.0,0.0,2.038995e-19,0.019442415
120,-8.59804305192996,-1.0,-4.71238898038469,0.0,0.0,-1.0175982e-19,-0.0054284628
121,-8.59804305192996,-1.0,-3.6651914291880923,0.0,0.0,9.632031e-20,0.0004928012
122,-8.59804305192996,-1.0,-2.6179938779914944,0.0,0.0,-2.24219e-20,0.026966812
123,-8.59804305192996,-1.0,-1.5707963267948966,0.0,0.0,1.9503838e-19,-0.017396744
124,-8.59804305192996,-1.0,-0.5235987755982991,0.0,0.0,-1.4573264e-19,0.0025528213
125,-8.59804305192996,-1.0,0.5235987755982983,0.0,0.0,-1.769598e-19,-0.0049842466
126,-8.59804305192996,-1.0,1.5707963267948966,0.0,0.0,7.761479e-20,0.006122818
127,-8.59804305192996,-1.0,2.617993877991494,0.0,0.0,-8.683995e-20,-0.0026240535
128,-8.59804305192996,-1.0,3.6651914291880914,0.0,0.0,2.3503746e-20,-0.00039007276
129,-8.59804305192996,-1.0,4.71238898038469,0.0,0.0,-1.0175941e-19,-0.0054284604
130,-8.59804305192996,-0.33333333333333337,-4.71238898038469,1.0502226,0.02339587,-0.050083626,-0.004767506
131,-8.59804305192996,-0.33333333333333337,-3.6651914291880923,1.1826222,-0.01520328,0.009885298,-0.0015292941
132,-8.59804305192996,-0.33333333333333337,-2.6179938779914944,1.0035533,0.019501735,-0.06480476,-0.00030521388
133,-8.59804305192996,-0.33333333333333337,-1.5707963267948966,0.99856055,0.07626713,-0.04122426,-0.003376267
134,-8.59804305192996,-0.33333333333333337,-0.5235987755982991,1.081525,0.003214208,0.011730976,0.00077823736
135,-8.59804305192996,-0.33333333333333337,0.5235987755982983,1.1087924,0.0048971367,-0.015244494,-0.0019479386
136,-8.59804305192996,-0.33333333333333337,1.5707963267948966,1.0888791,0.01969447,0.040744822,0.0057537137
137,-8.59804305192996,-0.33333333333333337,2.617993877991494,1.0311147,0.011542756,0.00947748,-0.003361657
138,-8.59804305192996,-0.33333333333333337,3.6651914291880914,1.1504828,0.003384551,0.04180087,-0.0017109553
139,-8.59804305192996,-0.33333333333333337,4.71238898038469,1.0502226,0.02339588,-0.050083634,-0.004767506
140,-8.59804305192996,0.33333333333333326,-4.71238898038469,1.1779459,-0.028648024,-0.03192072,-0.0016991267
141,-8.59804305192996,0.33333333333333326,-3.6651914291880923,1.0947453,-0.046255693,0.026504448,-0.004374506
142,-8.59804305192996,0.33333333333333326,-2.6179938779914944,0.99958235,-0.108487934,-0.018294768,-0.009601165
143,-8.59804305192996,0.33333333333333326,-1.5707963267948966,1.0698323,0.0140735805,-0.047037803,-0.0018444258
144,-8.59804305192996,0.33333333333333326,-0.5235987755982991,1.0096123,0.0279992,0.017860517,-0.00075861113
145,-8.59804305192996,0.33333333333333326,0.5235987755982983,1.1209699,-0.044476792,-0.07638567,-0.008174113
146,-8.59804305192996,0.33333333333333326,1.5707963267948966,1.1558921,0.04583799,-0.011716728,-0.00037480428
147,-8.59804305192996,0.33333333333333326,2.617993877991494,1.0162921,0.039288912,-0.05131949,-0.0021409513
148,-8.59804305192996,0.33333333333333326,3.6651914291880914,1.1014063,-0.009946864,0.009859458,-0.0027439143
149,-8.59804305192996,0.33333333333333326,4.71238898038469,1.1779459,-0.028648024,-0.031920724,-0.0016991267
150,-8.59804305192996,1.0,-4.71238898038469,0.0,0.0,1.5880982e-20,-2.841633e-05
151,-8.59804305192996,1.0,-3.6651914291880923,0.0,0.0,-1.4149101e-19,-0.001999256
152,-8.59804305192996,1.0,-2.6179938779914944,0.0,0.0,2.1636586e-20,-0.007959376
153,-8.59804305192996,1.0,-1.5707963267948966,0.0,0.0,-2.415007e-20,0.0044702287
154,-8.59804305192996,1.0,-0.5235987755982991,0.0,0.0,1.6744891e-19,-0.0010891749
155,-8.59804305192996,1.0,0.5235987755982983,0.0,0.0,1.7955151e-19,-0.004678709
156,-8.59804305192996,1.0,1.5707963267948966,0.0,0.0,1.105368e-19,8.489285e-06
157,-8.59804305192996,1.0,2.617993877991494,0.0,0.0,-1.6747492e-19,0.00032079025
158,-8.59804305192996,1.0,3.6651914291880914,0.0,0.0,-1.07515036e-19,-0.0017216105
159,-8.59804305192996,1.0,4.71238898038469,0.0,0.0,1.5880824e-20,-2.8415323e-05
160,-7.2752671977868895,-1.0,-4.71238898038469,0.0,0.0,-1.4975933e-19,-0.009453387
161,-7.2752671977868895,-1.0,-3.6651914291880923,0.0,0.0,-1.3196572e-19,4.1848805e-05
162,-7.2752671977868895,-1.0,-2.6179938779914944,0.0,0.0,8.2908836e-20,0.0039724214
163,-7.2752671977868895,-1.0,-1.5707963267948966,0.0,0.0,-1.3220617e-19,0.007836412
164,-7.2752671977868895,-1.0,-0.5235987755982991,0.0,0.0,-1.7226604e-19,0.005799818
165,-7.2752671977868895,-1.0,0.5235987755982983,0.0,0.0,-7.4996046e-20,-0.0017429094
166,-7.2752671977868895,-1.0,1.5707963267948966,0.0,0.0,-8.363111e-20,-0.00845799
167,-7.2752671977868895,-1.0,2.617993877991494,0.0,0.0,3.2834382e-20,-8.736691e-05
168,-7.2752671977868895,-1.0,3.6651914291880914,0.0,0.0,7.459901e-20,-0.0028953608
169,-7.2752671977868895,-1.0,4.71238898038469,0.0,0.0,-1.4975942e-19,-0.00945339
170,-7.2752671977868895,-0.33333333333333337,-4.71238898038469,1.1650296,-0.020724595,0.056258395,0.0011406797
171,-7.2752671977868895,-0.33333333333333337,-3.6651914291880923,1.0241971,-0.018870048,0.00988855,-0.0004618858
172,-7.2752671977868895,-0.33333333333333337,-2.6179938779914944,1.0732756,0.013971863,-0.04732588,8.710597e-05
173,-7.2752671977868895,-0.33333333333333337,-1.5707963267948966,1.0688108,-0.0384287,0.020148102,0.0011242823
174,-7.2752671977868895,-0.33333333333333337,-0.5235987755982991,1.141077,-0.044899203,0.0011931371,0.0013039125
175,-7.2752671977868895,-0.33333333333333337,0.5235987755982983,1.0950599,-0.0046460554,-0.00920107,0.00034738585
176,-7.2752671977868895,-0.33333333333333337,1.5707963267948966,1.1773032,-0.027695624,0.040932503,-0.0042041987
177,-7.2752671977868895,-0.33333333333333337,2.617993877991494,1.0195788,-0.039199233,0.026857983,-0.0027013642
178,-7.2752671977868895,-0.33333333333333337,3.6651914291880914,1.1029431,-0.0358073,0.014149367,4.7205598e-05
179,-7.2752671977868895,-0.33333333333333337,4.71238898038469,1.1650296,-0.020724606,0.0562584,0.0011406793
180,-7.2752671977868895,0.33333333333333326,-4.71238898038469,1.1232179,-0.026350904,0.01802809,-0.003723715
181,-7.2752671977868895,0.33333333333333326,-3.6651914291880923,1.1213961,0.011857512,0.053606715,-0.005392861
182,-7.2752671977868895,0.33333333333333326,-2.6179938779914944,1.0902582,-0.03873838,-0.08004702,0.00078443444
183,-7.2752671977868895,0.33333333333333326,-1.5707963267948966,1.0998558,0.012293037,-0.033636905,-2.4985866e-05
184,-7.2752671977868895,0.33333333333333326,-0.5235987755982991,0.92115,-0.073901504,0.07084616,-0.0041203857
185,-7.2752671977868895,0.33333333333333326,0.5235987755982983,1.1531622,0.018323064,0.07266998,-0.004440357
186,-7.2752671977868895,0.33333333333333326,1.5707963267948966,1.15216,-0.0019284965,-0.01047139,-0.00062729843
187,-7.2752671977868895,0.33333333333333326,2.617993877991494,1.085988,-0.0093527865,0.03133026,-0.0028256122
188,-7.2752671977868895,0.33333333333333326,3.6651914291880914,1.156288,0.022904878,-0.015988274,-4.836662e-05
189,-7.2752671977868895,0.33333333333333326,4.71238898038469,1.123218,-0.026350867,0.018028094,-0.003723715
190,-7.2752671977868895,1.0,-4.71238898038469,0.0,0.0,1.4337008e-19,-0.0017317529
191,-7.2752671977868895,1.0,-3.6651914291880923,0.0,0.0,-2.0580964e-19,0.012348486
192,-7.2752671977868895,1.0,-2.6179938779914944,0.0,0.0,-6.356541e-20,0.0095804315
193,-7.2752671977868895,1.0,-1.5707963267948966,0.0,0.0,-1.7869868e-19,-0.0012345499
194,-7.2752671977868895,1.0,-0.5235987755982991,0.0,0.0,-8.865612e-20,0.0055920384
195,-7.2752671977868895,1.0,0.5235987755982983,0.0,0.0,5.3720114e-20,0.0108715035
196,-7.2752671977868895,1.0,1.5707963267948966,0.0,0.0,-1.5569098e-19,0.009588424
197,-7.2752671977868895,1.0,2.617993877991494,0.0,0.0,1.829056e-19,-0.019887634
198,-7.2752671977868895,1.0,3.6651914291880914,0.0,0.0,-9.972135e-20,0.007256448
199,-7.2752671977868895,1.0,4.71238898038469,0.0,0.0,1.433701e-19,-0.001731744
200,-5.9524913436438185,-1.0,-4.71238898038469,0.0,0.0,7.287521e-20,-0.005120677
201,-5.9524913436438185,-1.0,-3.6651914291880923,0.0,0.0,3.6079224e-20,-0.007394802
202,-5.9524913436438185,-1.0,-2.6179938779914944,0.0,0.0,-2.0097495e-20,-0.0062731113
203,-5.9524913436438185,-1.0,-1.5707963267948966,0.0,0.0,1.2028577e-19,-0.00077554816
204,-5.9524913436438185,-1.0,-0.5235987755982991,0.0,0.0,-5.992671e-20,-0.002909383
205,-5.9524913436438185,-1.0,0.5235987755982983,0.0,0.0,-2.4782778e-19,0.0034215753
206,-5.9524913436438185,-1.0,1.5707963267948966,0.0,0.0,-7.587586e-21,0.0036535943
207,-5.9524913436438185,-1.0,2.617993877991494,0.0,0.0,-3.9418975e-20,0.004083768
208,-5.9524913436438185,-1.0,3.6651914291880914,0.0,0.0,-9.422597e-20,0.006466214
209,-5.9524913436438185,-1.0,4.71238898038469,0.0,0.0,7.287571e-20,-0.0051206867
210,-5.9524913436438185,-0.33333333333333337,-4.71238898038469,1.1228981,-0.09739922,0.018601159,-0.0026176479
211,-5.9524913436438185,-0.33333333333333337,-3.6651914291880923,0.8717623,0.08022476,0.01097933,-0.0031654255
212,-5.9524913436438185,-0.33333333333333337,-2.6179938779914944,0.9811437,-0.09054808,-0.011227722,-0.015326632
213,-5.9524913436438185,-0.33333333333333337,-1.5707963267948966,1.0932875,0.043813184,0.034787204,-0.0070984247
214,-5.9524913436438185,-0.33333333333333337,-0.5235987755982991,1.0330112,0.03369852,0.009312029,-0.002137766
215,-5.9524913436438185,-0.33333333333333337,0.5235987755982983,1.1621717,-0.012313163,-0.011790454,-0.0011768317
216,-5.9524913436438185,-0.33333333333333337,1.5707963267948966,1.0825515,0.0058268346,-0.047549453,-0.00021318001
217,-5.9524913436438185,-0.33333333333333337,2.617993877991494,1.0943551,-0.036530055,0.085409984,0.0042414744
218,-5.9524913436438185,-0.33333333333333337,3.6651914291880914,1.1666249,-0.027987048,0.059627354,7.927455e-05
219,-5.9524913436438185,-0.33333333333333337,4.71238898038469,1.1228981,-0.09739922,0.018601155,-0.0026176479
220,-5.9524913436438185,0.33333333333333326,-4.71238898038469,1.0996244,-0.03169847,0.042700764,-0.0025591091
221,-5.9524913436438185,0.33333333333333326,-3.6651914291880923,1.0818775,-0.01153379,0.006968035,-0.0004114246
222,-5.9524913436438185,0.33333333333333326,-2.6179938779914944,1.0485071,0.0048882356,0.009520492,-0.00259689
223,-5.9524913436438185,0.33333333333333326,-1.5707963267948966,1.0311476,-0.08323972,-0.029548531,-0.0061791306
224,-5.9524913436438185,0.33333333333333326,-0.5235987755982991,1.0594113,0.034322772,-0.007174913,-0.0009984471
225,-5.9524913436438185,0.33333333333333326,0.5235987755982983,1.0321847,0.030641243,-0.015335361,-0.0016298724
226,-5.9524913436438185,0.33333333333333326,1.5707963267948966,1.1709021,0.02724906,0.015034619,-0.0012690462
227,-5.9524913436438185,0.33333333333333326,2.617993877991494,0.94821376,-0.030360831,-0.044080064,-0.0017519695
228,-5.9524913436438185,0.33333333333333326,3.6651914291880914,1.0525131,-0.0071074245,-0.043323755,-0.0029822886
229,-5.9524913436438185,0.33333333333333326,4.71238898038469,1.0996244,-0.031698465,0.04270075,-0.0025591084
230,-5.9524913436438185,1.0,-4.71238898038469,0.0,0.0,1.7780958e-19,0.0012739924
231,-5.9524913436438185,1.0,-3.6651914291880923,0.0,0.0,-7.8465165e-21,-0.0017137097
232,-5.9524913436438185,1.0,-2.6179938779914944,0.0,0.0,1.970019e-20,7.973993e-05
233,-5.9524913436438185,1.0,-1.5707963267948966,0.0,0.0,-6.457614e-20,-0.005251258
234,-5.9524913436438185,1.0,-0.5235987755982991,0.0,0.0,-3.2556573e-19,-0.002867782
235,-5.9524913436438185,1.0,0.5235987755982983,0.0,0.0,8.318762e-20,-0.0023889516
236,-5.9524913436438185,1.0,1.5707963267948966,0.0,0.0,-6.486349e-20,-0.00018149403
237,-5.9524913436438185,1.0,2.617993877991494,0.0,0.0,2.8349858e-19,-0.0030686425
238,-5.9524913436438185,1.0,3.6651914291880914,0.0,0.0,1.3673564e-19,-0.0024053832
239,-5.9524913436438185,1.0,4.71238898038469,0.0,0.0,1.7781037e-19,0.0012739949
240,-4.629715489500748,-1.0,-4.71238898038469,0.0,0.0,-1.1731674e-19,0.00077699096
241,-4.629715489500748,-1.0,-3.6651914291880923,0.0,0.0,3.0383468e-20,0.000708458
242,-4.629715489500748,-1.0,-2.6179938779914944,0.0,0.0,-1.3619433e-19,0.0029687767
243,-4.629715489500748,-1.0,-1.5707963267948966,0.0,0.0,2.1383056e-19,0.005177677
244,-4.629715489500748,-1.0,-0.5235987755982991,0.0,0.0,-2.0150314e-19,-0.0067025214
245,-4.629715489500748,-1.0,0.5235987755982983,0.0,0.0,-3.4446996e-20,-0.0030521192
246,-4.629715489500748,-1.0,1.5707963267948966,0.0,0.0,1.9679113e-19,0.0007662568
247,-4.629715489500748,-1.0,2.617993877991494,0.0,0.0,7.5015956e-20,-0.010458113
248,-4.629715489500748,-1.0,3.6651914291880914,0.0,0.0,1.6978614e-19,-0.012797775
249,-4.629715489500748,-1.0,4.71238898038469,0.0,0.0,-1.1731669e-19,0.00077699474
250,-4.629715489500748,-0.33333333333333337,-4.71238898038469,1.1281136,0.017829912,-0.051043116,-0.0031180163
251,-4.629715489500748,-0.33333333333333337,-3.6651914291880923,0.9600816,0.054476295,-0.0082177995,-0.0045328373
252,-4.629715489500748,-0.33333333333333337,-2.6179938779914944,1.0072231,0.05998573,0.03431631,-0.0013952287
253,-4.629715489500748,-0.33333333333333337,-1.5707963267948966,1.14241,-0.03587063,0.016422579,0.00036993177
254,-4.629715489500748,-0.33333333333333337,-0.5235987755982991,1.0554658,-0.031104788,-0.061026607,-0.0010540874
255,-4.629715489500748,-0.33333333333333337,0.5235987755982983,1.1178522,-0.0030631789,0.011015871,-8.742966e-05
256,-4.629715489500748,-0.33333333333333337,1.5707963267948966,1.1621895,-0.036561493,-0.027648376,0.0016653457
257,-4.629715489500748,-0.33333333333333337,2.617993877991494,1.0053524,-0.008859745,-0.008698431,0.0023997491
258,-4.629715489500748,-0.33333333333333337,3.6651914291880914,1.1247301,0.018934097,0.028612746,-0.005328346
259,-4.629715489500748,-0.33333333333333337,4.71238898038469,1.1281136,0.017829897,-0.051043104,-0.0031180175
260,-4.629715489500748,0.33333333333333326,-4.71238898038469,1.1259552,-0.015964778,-0.004153759,-0.0014400666
261,-4.629715489500748,0.33333333333333326,-3.6651914291880923,1.0052738,-0.0510844,-0.04310884,-0.0019776712
262,-4.629715489500748,0.33333333333333326,-2.6179938779914944,1.149786,0.00061854743,-0.00326807,-0.0009963331
263,-4.629715489500748,0.33333333333333326,-1.5707963267948966,1.0673414,0.044541266,0.049624734,-0.003281016
264,-4.629715489500748,0.33333333333333326,-0.5235987755982991,0.99620813,-0.042562388,0.010357013,-0.0017598814
265,-4.629715489500748,0.33333333333333326,0.5235987755982983,0.9587027,-0.027235543,-0.088077255,-0.005216267
266,-4.629715489500748,0.33333333333333326,1.5707963267948966,1.1937685,0.035615485,-0.039732385,-0.0024783022
267,-4.629715489500748,0.33333333333333326,2.617993877991494,1.0109866,-0.019620666,-0.01936687,-0.004286355
268,-4.629715489500748,0.33333333333333326,3.6651914291880914,1.1715304,0.012034867,-0.048415557,-0.009810056
269,-4.629715489500748,0.33333333333333326,4.71238898038469,1.1259552,-0.015964776,-0.0041537485,-0.001440067
270,-4.629715489500748,1.0,-4.71238898038469,0.0,0.0,-1.7695451e-19,-0.0037068925
271,-4.629715489500748,1.0,-3.6651914291880923,0.0,0.0,-7.2289543e-20,0.0065142233
272,-4.629715489500748,1.0,-2.6179938779914944,0.0,0.0,-8.2018176e-20,-0.012071139
273,-4.629715489500748,1.0,-1.5707963267948966,0.0,0.0,2.1892393e-21,0.001867826
274,-4.629715489500748,1.0,-0.5235987755982991,0.0,0.0,-3.053392e-19,-0.0026832302
275,-4.629715489500748,1.0,0.5235987755982983,0.0,0.0,2.0270446e-19,-0.0010785615
276,-4.629715489500748,1.0,1.5707963267948966,0.0,0.0,-1.0655124e-19,0.0031729431
277,-4.629715489500748,1.0,2.617993877991494,0.0,0.0,2.4827223e-20,0.0034416548
278,-4.629715489500748,1.0,3.6651914291880914,0.0,0.0,3.3419353e-19,-0.0103175035
279,-4.629715489500748,1.0,4.71238898038469,0.0,0.0,-1.7695486e-19,-0.0037069034
280,-3.3069396353576774,-1.0,-4.71238898038469,0.0,0.0,6.854169e-20,-0.00643145
281,-3.3069396353576774,-1.0,-3.6651914291880923,0.0,0.0,-1.7845812e-21,0.0042747543
282,-3.3069396353576774,-1.0,-2.6179938779914944,0.0,0.0,1.9521011e-19,-0.0026333383
283,-3.3069396353576774,-1.0,-1.5707963267948966,0.0,0.0,1.86288e-20,0.0010511652
284,-3.3069396353576774,-1.0,-0.5235987755982991,0.0,0.0,-6.480375e-20,-0.0010192165
285,-3.3069396353576774,-1.0,0.5235987755982983,0.0,0.0,-4.707015e-20,-0.002929814
286,-3.3069396353576774,-1.0,1.5707963267948966,0.0,0.0,-9.0746285e-21,-0.011411633
287,-3.3069396353576774,-1.0,2.617993877991494,0.0,0.0,-3.7853187e-20,-0.0050628902
288,-3.3069396353576774,-1.0,3.6651914291880914,0.0,0.0,5.196594e-20,-0.0021254974
289,-3.3069396353576774,-1.0,4.71238898038469,0.0,0.0,6.8542176e-20,-0.00643145
290,-3.3069396353576774,-0.33333333333333337,-4.71238898038469,1.0490581,-0.025687378,-0.0074991398,-0.0004593597
291,-3.3069396353576774,-0.33333333333333337,-3.6651914291880923,1.0985767,-0.040398564,-0.03651372,0.0011770839
292,-3.3069396353576774,-0.33333333333333337,-2.6179938779914944,1.1400294,-0.044071373,0.023415336,-0.00047333346
293,-3.3069396353576774,-0.33333333333333337,-1.5707963267948966,1.0537825,-0.009647286,0.03476868,-0.0032559892
294,-3.3069396353576774,-0.33333333333333337,-0.5235987755982991,1.0939535,0.0023293842,0.033077713,-0.00011804765
295,-3.3069396353576774,-0.33333333333333337,0.5235987755982983,1.1307812,0.04466374,0.061998792,-0.00938599
296,-3.3069396353576774,-0.33333333333333337,1.5707963267948966,1.1633359,-0.027356429,0.047008857,-0.0048173917
297,-3.3069396353576774,-0.33333333333333337,2.617993877991494,1.119151,-0.015974427,0.002027734,-0.0028020998
298,-3.3069396353576774,-0.33333333333333337,3.6651914291880914,1.1092252,-0.065341756,0.011310716,-0.002923899
299,-3.3069396353576774,-0.33333333333333337,4.71238898038469,1.0490581,-0.025687376,-0.0074991314,-0.0004593598
300,-3.3069396353576774,0.33333333333333326,-4.71238898038469,1.1022085,-0.009062699,0.07220838,-0.0035621459
301,-3.3069396353576774,0.33333333333333326,-3.6651914291880923,1.133994,0.020710254,-0.019503707,-0.0067687198
302,-3.3069396353576774,0.33333333333333326,-2.6179938779914944,1.1513132,0.01025862,0.026341688,-0.0007847908
303,-3.3069396353576774,0.33333333333333326,-1.5707963267948966,1.0598549,-0.012832975,0.051501527,-0.0011706977
304,-3.3069396353576774,0.33333333333333326,-0.5235987755982991,1.0193295,0.0029177687,-0.015863338,-0.0043620747
305,-3.3069396353576774,0.33333333333333326,0.5235987755982983,1.0375403,0.025567615,-0.039063144,0.0018160377
306,-3.3069396353576774,0.33333333333333326,1.5707963267948966,1.1070303,0.03449724,-0.071056604,-0.0018832363
307,-3.3069396353576774,0.33333333333333326,2.617993877991494,1.044997,-0.06257381,0.0069782464,-0.004074265
308,-3.3069396353576774,0.33333333333333326,3.6651914291880914,1.1157094,-0.042790297,0.08398424,-0.004361239
309,-3.3069396353576774,0.33333333333333326,4.71238898038469,1.1022085,-0.009062672,0.07220838,-0.0035621463
310,-3.3069396353576774,1.0,-4.71238898038469,0.0,0.0,-1.1758654e-19,-0.008753799
311,-3.3069396353576774,1.0,-3.6651914291880923,0.0,0.0,-1.0583122e-19,0.0013026433
312,-3.3069396353576774,1.0,-2.6179938779914944,0.0,0.0,2.1012546e-19,0.0036575724
313,-3.3069396353576774,1.0,-1.5707963267948966,0.0,0.0,-8.901733e-20,0.0033421328
314,-3.3069396353576774,1.0,-0.5235987755982991,0.0,0.0,-1.0798341e-20,-0.0040686307
315,-3.3069396353576774,1.0,0.5235987755982983,0.0,0.0,1.741125e-19,0.004786925
316,-3.3069396353576774,1.0,1.5707963267948966,0.0,0.0,-1.8719104e-19,-1.999042e-05
317,-3.3069396353576774,1.0,2.617993877991494,0.0,0.0,8.943281e-20,0.0017547017
318,-3.3069396353576774,1.0,3.6651914291880914,0.0,0.0,8.0529516e-20,-0.0035119606
319,-3.3069396353576774,1.0,4.71238898038469,0.0,0.0,-1.1758645e-19,-0.008753798
320,-1.9841637812146065,-1.0,-4.71238898038469,0.0,0.0,-1.9245225e-20,0.00034554178
321,-1.9841637812146065,-1.0,-3.6651914291880923,0.0,0.0,1.9095339e-19,-0.0011367091
322,-1.9841637812146065,-1.0,-2.6179938779914944,0.0,0.0,3.5418646e-19,-2.8696844e-05
323,-1.9841637812146065,-1.0,-1.5707963267948966,0.0,0.0,1.02846144e-20,-0.00061482954
324,-1.9841637812146065,-1.0,-0.5235987755982991,0.0,0.0,8.0847224e-20,-0.00017471435
325,-1.9841637812146065,-1.0,0.5235987755982983,0.0,0.0,-3.5333198e-20,0.0031189146
326,-1.9841637812146065,-1.0,1.5707963267948966,0.0,0.0,1.0745997e-20,-0.00057572074
327,-1.9841637812146065,-1.0,2.617993877991494,0.0,0.0,5.9227825e-20,0.0062044724
328,-1.9841637812146065,-1.0,3.6651914291880914,0.0,0.0,1.827574e-19,-0.0072627263
329,-1.9841637812146065,-1.0,4.71238898038469,0.0,0.0,-1.9245945e-20,0.0003455468
330,-1.9841637812146065,-0.33333333333333337,-4.71238898038469,1.0972332,0.050699893,-0.013441494,-0.0047212318
331,-1.9841637812146065,-0.33333333333333337,-3.6651914291880923,1.1024292,0.021986004,0.001524242,-0.004204855
332,-1.9841637812146065,-0.33333333333333337,-2.6179938779914944,1.0434945,0.054976128,0.054536715,-0.0047466974
333,-1.9841637812146065,-0.33333333333333337,-1.5707963267948966,1.1405535,-0.021870114,-0.023726411,-0.0005962152
334,-1.9841637812146065,-0.33333333333333337,-0.5235987755982991,1.0806792,0.008880727,-0.04558508,-0.0022247208
335,-1.9841637812146065,-0.33333333333333337,0.5235987755982983,1.1415025,-0.050682425,-0.024867928,-0.0025235272
336,-1.9841637812146065,-0.33333333333333337,1.5707963267948966,1.1278521,-0.035401676,0.014297329,0.00020330006
337,-1.9841637812146065,-0.33333333333333337,2.617993877991494,1.0360656,0.029864429,0.05047928,0.0014510002
338,-1.9841637812146065,-0.33333333333333337,3.6651914291880914,1.1597558,-0.0028549342,0.02004069,-0.00049214583
339,-1.9841637812146065,-0.33333333333333337,4.71238898038469,1.0972332,0.050699893,-0.013441486,-0.0047212313
340,-1.9841637812146065,0.33333333333333326,-4.71238898038469,1.0183446,-0.012740374,0.0047881966,-0.0019260445
341,-1.9841637812146065,0.33333333333333326,-3.6651914291880923,1.0855067,-0.00381288,-0.0015433873,-0.0006100289
342,-1.9841637812146065,0.33333333333333326,-2.6179938779914944,1.1075473,-0.046049695,-0.034563545,-0.0017068094
343,-1.9841637812146065,0.33333333333333326,-1.5707963267948966,1.0824432,0.023409428,-0.004375169,0.00017730889
344,-1.9841637812146065,0.33333333333333326,-0.5235987755982991,1.1288711,-0.0047162822,-0.04078574,0.00015328632
345,-1.9841637812146065,0.33333333333333326,0.5235987755982983,1.0299852,-0.059500206,0.14310661,-0.0059289564
346,-1.9841637812146065,0.33333333333333326,1.5707963267948966,1.1382413,-0.04009551,-0.0070693432,-0.0018718338
347,-1.9841637812146065,0.33333333333333326,2.617993877991494,1.0905157,0.047380015,-0.0022343323,0.0021495095
348,-1.9841637812146065,0.33333333333333326,3.6651914291880914,1.1387298,0.036434058,-0.008451422,0.0013977558
349,-1.9841637812146065,0.33333333333333326,4.71238898038469,1.0183446,-0.012740362,0.0047882046,-0.0019260463
350,-1.9841637812146065,1.0,-4.71238898038469,0.0,0.0,-6.419405e-20,-0.009351316
351,-1.9841637812146065,1.0,-3.6651914291880923,0.0,0.0,2.0968463e-20,0.0028084966
352,-1.9841637812146065,1.0,-2.6179938779914944,0.0,0.0,1.2881355e-19,-0.008046685
353,-1.9841637812146065,1.0,-1.5707963267948966,0.0,0.0,-1.7380123e-20,-0.0036343099
354,-1.9841637812146065,1.0,-0.5235987755982991,0.0,0.0,-4.2178322e-19,-0.0039019715
355,-1.9841637812146065,1.0,0.5235987755982983,0.0,0.0,2.7857838e-19,-0.0007445285
356,-1.9841637812146065,1.0,1.5707963267948966,0.0,0.0,-5.396621e-20,-0.009657561
357,-1.9841637812146065,1.0,2.617993877991494,0.0,0.0,-2.3246528e-19,0.001418742
358,-1.9841637812146065,1.0,3.6651914291880914,0.0,0.0,3.9898236e-20,0.012325841
359,-1.9841637812146065,1.0,4.71238898038469,0.0,0.0,-6.4193255e-20,-0.009351313
360,-0.6613879270715355,-1.0,-4.71238898038469,0.0,0.0,-1.7734367e-19,-0.007304768
361,-0.6613879270715355,-1.0,-3.6651914291880923,0.0,0.0,2.3101324e-19,-0.00078495435
362,-0.6613879270715355,-1.0,-2.6179938779914944,0.0,0.0,3.265296e-20,0.00048552302
363,-0.6613879270715355,-1.0,-1.5707963267948966,0.0,0.0,1.2984315e-19,0.0031180647
364,-0.6613879270715355,-1.0,-0.5235987755982991,0.0,0.0,-9.31501e-20,-0.006379647
365,-0.6613879270715355,-1.0,0.5235987755982983,0.0,0.0,1.7328255e-19,-0.012599096
366,-0.6613879270715355,-1.0,1.5707963267948966,0.0,0.0,-2.9764965e-19,-5.751439e-05
367,-0.6613879270715355,-1.0,2.617993877991494,0.0,0.0,3.254145e-20,0.0007567546
368,-0.6613879270715355,-1.0,3.6651914291880914,0.0,0.0,2.0445837e-19,-0.005022573
369,-0.6613879270715355,-1.0,4.71238898038469,0.0,0.0,-1.7734294e-19,-0.007304767
370,-0.6613879270715355,-0.33333333333333337,-4.71238898038469,1.116141,-0.042861495,-0.087688886,-0.002478229
371,-0.6613879270715355,-0.33333333333333337,-3.6651914291880923,1.1230594,-0.0027854405,0.08025151,-0.0010886369
372,-0.6613879270715355,-0.33333333333333337,-2.6179938779914944,0.9989518,-0.009221647,-0.028661987,-0.0019230233
373,-0.6613879270715355,-0.33333333333333337,-1.5707963267948966,1.1752679,-0.010533538,-0.003276987,-0.00037932207
374,-0.6613879270715355,-0.33333333333333337,-0.5235987755982991,1.1390028,0.066278964,0.009898781,-0.0041709295
375,-0.6613879270715355,-0.33333333333333337,0.5235987755982983,1.153494,0.028561166,-0.037770182,-4.7784233e-05
376,-0.6613879270715355,-0.33333333333333337,1.5707963267948966,1.084271,0.019674964,0.049255326,-0.0023289502
377,-0.6613879270715355,-0.33333333333333337,2.617993877991494,1.0095624,-0.0004760591,-0.0023333214,-0.0017334874
378,-0.6613879270715355,-0.33333333333333337,3.6651914291880914,1.1757898,-0.013473259,0.018988593,-0.0025082151
379,-0.6613879270715355,-0.33333333333333337,4.71238898038469,1.1161411,-0.042861514,-0.08768889,-0.0024782286
380,-0.6613879270715355,0.33333333333333326,-4.71238898038469,1.08973,0.0001228717,0.043470807,-0.002283293
381,-0.6613879270715355,0.33333333333333326,-3.6651914291880923,1.0727646,0.019820381,0.04649956,-0.002492467
382,-0.6613879270715355,0.33333333333333326,-2.6179938779914944,1.0676233,-0.0057492284,0.012517117,0.0066919327
383,-0.6613879270715355,0.33333333333333326,-1.5707963267948966,1.0228666,-0.0023615998,-0.07215566,-0.0012461101
384,-0.6613879270715355,0.33333333333333326,-0.5235987755982991,1.1617315,0.048908938,0.028734531,-0.00055842014
385,-0.6613879270715355,0.33333333333333326,0.5235987755982983,1.0049573,-0.0033351404,-0.0459169,-0.0044910633
386,-0.6613879270715355,0.33333333333333326,1.5707963267948966,1.1309744,0.059484188,-0.004144672,-0.0035134936
387,-0.6613879270715355,0.33333333333333326,2.617993877991494,1.1168528,-0.0012900833,-0.054255873,-0.00091473054
388,-0.6613879270715355,0.33333333333333326,3.6651914291880914,1.1729046,-0.047348306,-0.014488631,-0.0013738819
389,-0.6613879270715355,0.33333333333333326,4.71238898038469,1.0897301,0.00012288893,0.043470815,-0.0022832933
390,-0.6613879270715355,1.0,-4.71238898038469,0.0,0.0,-5.6743815e-20,-0.0003567609
391,-0.6613879270715355,1.0,-3.6651914291880923,0.0,0.0,7.772539e-21,-0.004627392
392,-0.6613879270715355,1.0,-2.6179938779914944,0.0,0.0,1.1032374e-19,-0.0023977295
393,-0.6613879270715355,1.0,-1.5707963267948966,0.0,0.0,-3.107039e-20,0.0042185723
394,-0.6613879270715355,1.0,-0.5235987755982991,0.0,0.0,9.033587e-20,-0.004230894
395,-0.6613879270715355,1.0,0.5235987755982983,0.0,0.0,3.8740245e-20,-0.0013598386
396,-0.6613879270715355,1.0,1.5707963267948966,0.0,0.0,9.476426e-20,-0.007217102
397,-0.6613879270715355,1.0,2.617993877991494,0.0,0.0,-5.988931e-20,0.0053449227
398,-0.6613879270715355,1.0,3.6651914291880914,0.0,0.0,-1.9363139e-19,-0.0020243186
399,-0.6613879270715355,1.0,4.71238898038469,0.0,0.0,-5.674411e-20,-0.00035676375
400,0.6613879270715355,-1.0,-4.71238898038469,0.0,0.0,5.429455e-20,0.003112539
401,0.6613879270715355,-1.0,-3.6651914291880923,0.0,0.0,2.426272e-19,-0.0013552861
402,0.6613879270715355,-1.0,-2.6179938779914944,0.0,0.0,1.9331166e-19,0.0032652162
403,0.6613879270715355,-1.0,-1.5707963267948966,0.0,0.0,6.0242446e-20,0.0034381067
404,0.6613879270715355,-1.0,-0.5235987755982991,0.0,0.0,1.4723145e-19,0.0009835064
405,0.6613879270715355,-1.0,0.5235987755982983,0.0,0.0,5.730567e-20,-0.003888873
406,0.6613879270715355,-1.0,1.5707963267948966,0.0,0.0,-1.6088958e-19,-0.0056196605
407,0.6613879270715355,-1.0,2.617993877991494,0.0,0.0,-3.5445152e-19,-0.0063753505
408,0.6613879270715355,-1.0,3.6651914291880914,0.0,0.0,2.952299e-19,-0.00433445
409,0.6613879270715355,-1.0,4.71238898038469,0.0,0.0,5.429454e-20,0.0031125436
410,0.6613879270715355,-0.33333333333333337,-4.71238898038469,1.1218208,-0.03545495,-0.004586011,0.0035965038
411,0.6613879270715355,-0.33333333333333337,-3.6651914291880923,1.0724554,0.038763635,0.038149543,-0.0015375835
412,0.6613879270715355,-0.33333333333333337,-2.6179938779914944,1.1008171,0.015676409,-0.017215174,-0.0024492017
413,0.6613879270715355,-0.33333333333333337,-1.5707963267948966,1.1133834,0.05489865,0.067863815,-0.0019004939
414,0.6613879270715355,-0.33333333333333337,-0.5235987755982991,1.0180343,0.01547485,0.051426582,0.00031403595
415,0.6613879270715355,-0.33333333333333337,0.5235987755982983,1.140378,0.004351599,0.03691233,-0.00057705876
416,0.6613879270715355,-0.33333333333333337,1.5707963267948966,1.0048534,0.053834315,-0.1006052,-0.0029093514
417,0.6613879270715355,-0.33333333333333337,2.617993877991494,1.0709524,-0.01818159,0.009516181,0.00026451258
418,0.6613879270715355,-0.33333333333333337,3.6651914291880914,1.1516334,-0.011192196,-0.0127618,0.003977118
419,0.6613879270715355,-0.33333333333333337,4.71238898038469,1.1218208,-0.03545496,-0.004586015,0.003596504
420,0.6613879270715355,0.33333333333333326,-4.71238898038469,1.0814776,0.014030614,0.0019246818,0.00028811034
421,0.6613879270715355,0.33333333333333326,-3.6651914291880923,1.0445905,-0.013038061,-0.028752679,0.0010493476
422,0.6613879270715355,0.33333333333333326,-2.6179938779914944,1.1598611,-0.039673537,-0.052182537,-0.00053340127
423,0.6613879270715355,0.33333333333333326,-1.5707963267948966,1.036802,-0.01862016,0.1346401,-0.0038350502
424,0.6613879270715355,0.33333333333333326,-0.5235987755982991,1.16695,0.007810274,0.0017228323,-0.000588385
425,0.6613879270715355,0.33333333333333326,0.5235987755982983,1.1378453,0.004588095,-0.006125381,-0.0018429655
426,0.6613879270715355,0.33333333333333326,1.5707963267948966,1.0514872,0.013192275,0.09261385,4.9820155e-05
427,0.6613879270715355,0.33333333333333326,2.617993877991494,1.0771652,-0.0012716616,-0.027085526,0.0025081818
428,0.6613879270715355,0.33333333333333326,3.6651914291880914,1.1602055,0.021018745,0.0017101356,0.0029813717
429,0.6613879270715355,0.33333333333333326,4.71238898038469,1.0814776,0.014030614,0.001924689,0.0002881105
430,0.6613879270715355,1.0,-4.71238898038469,0.0,0.0,-2.867596e-20,-0.0012186118
431,0.6613879270715355,1.0,-3.6651914291880923,0.0,0.0,6.357294e-20,-0.00056044385
432,0.6613879270715355,1.0,-2.6179938779914944,0.0,0.0,1.050301e-19,0.0006323989
433,0.6613879270715355,1.0,-1.5707963267948966,0.0,0.0,-3.5420988e-19,0.0014085016
434,0.6613879270715355,1.0,-0.5235987755982991,0.0,0.0,-1.1789063e-19,0.008733625
435,0.6613879270715355,1.0,0.5235987755982983,0.0,0.0,3.49487e-20,0.0002034205
436,0.6613879270715355,1.0,1.5707963267948966,0.0,0.0,1.400656e-19,-0.010416015
437,0.6613879270715355,1.0,2.617993877991494,0.0,0.0,5.0027173e-20,-0.0011209856
438,0.6613879270715355,1.0,3.6651914291880914,0.0,0.0,-2.365304e-19,0.004936325
439,0.6613879270715355,1.0,4.71238898038469,0.0,0.0,-2.8675825e-20,-0.0012186113
440,1.9841637812146065,-1.0,-4.71238898038469,0.0,0.0,-1.7442318e-19,0.0008129772
441,1.9841637812146065,-1.0,-3.6651914291880923,0.0,0.0,4.5896277e-19,0.0024496731
442,1.9841637812146065,-1.0,-2.6179938779914944,0.0,0.0,3.174125e-20,-0.011669976
443,1.9841637812146065,-1.0,-1.5707963267948966,0.0,0.0,-2.1665543e-19,-0.00044540895
444,1.9841637812146065,-1.0,-0.5235987755982991,0.0,0.0,1.3803313e-19,-0.00011270637
445,1.9841637812146065,-1.0,0.5235987755982983,0.0,0.0,-7.737644e-20,0.0051587275
446,1.9841637812146065,-1.0,1.5707963267948966,0.0,0.0,1.7067353e-19,0.008128094
447,1.9841637812146065,-1.0,2.617993877991494,0.0,0.0,-1.1020165e-19,0.0075098877
448,1.9841637812146065,-1.0,3.6651914291880914,0.0,0.0,-9.8856646e-20,0.00017919384
449,1.9841637812146065,-1.0,4.71238898038469,0.0,0.0,-1.7442303e-19,0.00081297447
450,1.9841637812146065,-0.33333333333333337,-4.71238898038469,0.9927927,0.025617532,-0.0022426054,-0.0054287594
451,1.9841637812146065,-0.33333333333333337,-3.6651914291880923,1.1151555,-0.041896295,0.032195825,-0.0014438597
452,1.9841637812146065,-0.33333333333333337,-2.6179938779914944,1.1915812,-0.06595092,0.004910246,-0.0012121047
453,1.9841637812146065,-0.33333333333333337,-1.5707963267948966,1.0920384,-0.01918007,0.0018218847,0.0024315487
454,1.9841637812146065,-0.33333333333333337,-0.5235987755982991,1.0826694,0.033563748,0.034545057,-0.0006892279
455,1.9841637812146065,-0.33333333333333337,0.5235987755982983,1.1654066,-0.013237787,0.008848312,0.0003185957
456,1.9841637812146065,-0.33333333333333337,1.5707963267948966,1.112807,0.021845533,0.077405415,0.0012767792
457,1.9841637812146065,-0.33333333333333337,2.617993877991494,1.1169853,-0.04463983,0.0033145181,6.6755485e-05
458,1.9841637812146065,-0.33333333333333337,3.6651914291880914,1.1069009,0.01122843,0.035280094,0.0029241333
459,1.9841637812146065,-0.33333333333333337,4.71238898038469,0.99279267,0.025617547,-0.0022425994,-0.0054287594
460,1.9841637812146065,0.33333333333333326,-4.71238898038469,1.1279347,0.011507872,-0.05894791,-0.00045386842
461,1.9841637812146065,0.33333333333333326,-3.6651914291880923,1.0459248,0.00362542,0.094764546,-0.002396918
462,1.9841637812146065,0.33333333333333326,-2.6179938779914944,0.9849548,0.0038472244,-0.023335015,-0.0003505471
463,1.9841637812146065,0.33333333333333326,-1.5707963267948966,0.8920529,0.0050893305,0.0148441205,-0.0057973904
464,1.9841637812146065,0.33333333333333326,-0.5235987755982991,1.1302302,0.033586938,0.011843489,-0.0035318567
465,1.9841637812146065,0.33333333333333326,0.5235987755982983,1.0541466,0.024346622,0.0025257429,-0.008834907
466,1.9841637812146065,0.33333333333333326,1.5707963267948966,1.1303028,-0.07820576,-0.056762923,-0.0017889453
467,1.9841637812146065,0.33333333333333326,2.617993877991494,1.1499197,0.05563371,0.025522208,-0.004771207
468,1.9841637812146065,0.33333333333333326,3.6651914291880914,1.0624136,-0.04399837,0.02283672,-0.0027004918
469,1.9841637812146065,0.33333333333333326,4.71238898038469,1.1279347,0.011507869,-0.058947906,-0.00045386836
470,1.9841637812146065,1.0,-4.71238898038469,0.0,0.0,1.9915562e-19,-0.0007527512
471,1.9841637812146065,1.0,-3.6651914291880923,0.0,0.0,2.698767e-19,0.011211473
472,1.9841637812146065,1.0,-2.6179938779914944,0.0,0.0,-2.536405e-19,-0.013113782
473,1.9841637812146065,1.0,-1.5707963267948966,0.0,0.0,-1.2084376e-19,0.0021763789
474,1.9841637812146065,1.0,-0.5235987755982991,0.0,0.0,8.017972e-21,0.0045086187
475,1.9841637812146065,1.0,0.5235987755982983,0.0,0.0,6.5348096e-21,0.0038716171
476,1.9841637812146065,1.0,1.5707963267948966,0.0,0.0,-6.9942305e-21,-0.0024831253
477,1.9841637812146065,1.0,2.617993877991494,0.0,0.0,1.9172901e-19,0.0069149937
478,1.9841637812146065,1.0,3.6651914291880914,0.0,0.0,1.4997923e-19,0.00072751596
479,1.9841637812146065,1.0,4.71238898038469,0.0,0.0,1.9915579e-19,-0.00075275125
480,3.3069396353576757,-1.0,-4.71238898038469,0.0,0.0,4.061911e-19,0.0011330651
481,3.3069396353576757,-1.0,-3.6651914291880923,0.0,0.0,3.7124466e-19,-0.004986464
482,3.3069396353576757,-1.0,-2.6179938779914944,0.0,0.0,5.449466e-20,0.011325212
483,3.3069396353576757,-1.0,-1.5707963267948966,0.0,0.0,-1.2741367e-19,-0.0026935646
484,3.3069396353576757,-1.0,-0.5235987755982991,0.0,0.0,2.6550605e-19,-0.0030770728
485,3.3069396353576757,-1.0,0.5235987755982983,0.0,0.0,-2.6487295e-19,-0.005847387
486,3.3069396353576757,-1.0,1.5707963267948966,0.0,0.0,-2.1462594e-20,9.8671895e-05
487,3.3069396353576757,-1.0,2.617993877991494,0.0,0.0,5.3791674e-19,-0.0074302987
488,3.3069396353576757,-1.0,3.6651914291880914,0.0,0.0,4.8806677e-20,0.0062088496
489,3.3069396353576757,-1.0,4.71238898038469,0.0,0.0,4.0619136e-19,0.001133064
490,3.3069396353576757,-0.33333333333333337,-4.71238898038469,1.0234418,-0.04590305,0.03826647,-0.0016966225
491,3.3069396353576757,-0.33333333333333337,-3.6651914291880923,1.1092554,-0.03143446,-0.033501912,-0.0038455538
492,3.3069396353576757,-0.33333333333333337,-2.6179938779914944,1.1210749,-0.0104737645,0.025800014,0.00013946225
493,3.3069396353576757,-0.33333333333333337,-1.5707963267948966,0.9378465,0.023070404,-0.013420637,-0.0027452288
494,3.3069396353576757,-0.33333333333333337,-0.5235987755982991,1.1237137,0.0015536057,-0.028379267,-0.0018916259
495,3.3069396353576757,-0.33333333333333337,0.5235987755982983,1.1624615,0.031451512,-0.05855764,-0.0062127863
496,3.3069396353576757,-0.33333333333333337,1.5707963267948966,1.1250938,-0.009905449,-0.04741311,-0.0020029289
497,3.3069396353576757,-0.33333333333333337,2.617993877991494,1.0835863,0.048177194,-0.023469536,0.00026169443
498,3.3069396353576757,-0.33333333333333337,3.6651914291880914,1.0750899,-0.017603554,-0.08075346,-0.0012080771
499,3.3069396353576757,-0.33333333333333337,4.71238898038469,1.0234418,-0.045903027,0.03826645,-0.0016966229
500,3.3069396353576757,0.33333333333333326,-4.71238898038469,1.0993875,0.036213692,-0.048358876,-0.0032144433
501,3.3069396353576757,0.33333333333333326,-3.6651914291880923,1.1431884,0.020663662,0.008480401,-0.0006684026
502,3.3069396353576757,0.33333333333333326,-2.6179938779914944,1.037299,0.034677334,-0.03220746,-0.0046433336
503,3.3069396353576757,0.33333333333333326,-1.5707963267948966,1.0816268,0.0017575965,0.06889502,0.002092492
504,3.3069396353576757,0.33333333333333326,-0.5235987755982991,1.1416003,-0.0019290916,-0.033249974,0.0005161228
505,3.3069396353576757,0.33333333333333326,0.5235987755982983,1.0584142,0.06988776,-0.009405513,-0.0011334685
506,3.3069396353576757,0.33333333333333326,1.5707963267948966,1.1219679,0.045947976,0.012462306,0.000114165516
507,3.3069396353576757,0.33333333333333326,2.617993877991494,0.9638167,-0.08110874,0.07063177,-0.0017687598
508,3.3069396353576757,0.33333333333333326,3.6651914291880914,1.1096704,0.015750641,0.041396797,-0.0021304279
509,3.3069396353576757,0.33333333333333326,4.71238898038469,1.0993875,0.036213696,-0.04835887,-0.003214443
510,3.3069396353576757,1.0,-4.71238898038469,0.0,0.0,-2.937625e-20,-0.0029593569
511,3.3069396353576757,1.0,-3.6651914291880923,0.0,0.0,3.1520813e-20,-0.0052495324
512,3.3069396353576757,1.0,-2.6179938779914944,0.0,0.0,-2.1894667e-19,4.904246e-05
513,3.3069396353576757,1.0,-1.5707963267948966,0.0,0.0,8.655321e-20,0.0014986383
514,3.3069396353576757,1.0,-0.5235987755982991,0.0,0.0,7.531586e-20,0.011040049
515,3.3069396353576757,1.0,0.5235987755982983,0.0,0.0,4.295449e-20,0.005183007
516,3.3069396353576757,1.0,1.5707963267948966,0.0,0.0,1.7458071e-19,-0.0020326623
517,3.3069396353576757,1.0,2.617993877991494,0.0,0.0,2.1198642e-19,-0.0046322155
518,3.3069396353576757,1.0,3.6651914291880914,0.0,0.0,3.8021522e-19,0.014812293
519,3.3069396353576757,1.0,4.71238898038469,0.0,0.0,-2.9376547e-20,-0.0029593532
520,4.629715489500747,-1.0,-4.71238898038469,0.0,0.0,-1.5305106e-19,0.00075839733
521,4.629715489500747,-1.0,-3.6651914291880923,0.0,0.0,-1.1176336e-19,-0.0066485927
522,4.629715489500747,-1.0,-2.6179938779914944,0.0,0.0,3.8876465e-19,-0.012239098
523,4.629715489500747,-1.0,-1.5707963267948966,0.0,0.0,-1.2836218e-19,-0.0035096947
524,4.629715489500747,-1.0,-0.5235987755982991,0.0,0.0,4.1917116e-20,-0.00027302688
525,4.629715489500747,-1.0,0.5235987755982983,0.0,0.0,2.4861355e-19,0.0071730744
526,4.629715489500747,-1.0,1.5707963267948966,0.0,0.0,5.3599672e-20,0.00761919
527,4.629715489500747,-1.0,2.617993877991494,0.0,0.0,-2.500737e-19,0.00065367675
528,4.629715489500747,-1.0,3.6651914291880914,0.0,0.0,-1.3021637e-19,-0.0070195226
529,4.629715489500747,-1.0,4.71238898038469,0.0,0.0,-1.5305088e-19,0.00075839815
530,4.629715489500747,-0.33333333333333337,-4.71238898038469,1.0559161,-0.0075963666,-0.032579392,0.0020322772
531,4.629715489500747,-0.33333333333333337,-3.6651914291880923,1.055063,0.01703335,-0.024326239,-0.007765651
532,4.629715489500747,-0.33333333333333337,-2.6179938779914944,1.0690117,-0.0021435495,-0.029051172,-0.0018740548
533,4.629715489500747,-0.33333333333333337,-1.5707963267948966,1.0601231,0.09225405,0.0036069513,-0.007775527
534,4.629715489500747,-0.33333333333333337,-0.5235987755982991,1.1090473,0.028590595,-0.04506787,0.0011344535
535,4.629715489500747,-0.33333333333333337,0.5235987755982983,1.158513,-0.014430329,-0.00169135,0.0006501315
536,4.629715489500747,-0.33333333333333337,1.5707963267948966,1.0134455,0.041363064,-0.028215261,0.0014737342
537,4.629715489500747,-0.33333333333333337,2.617993877991494,1.1019984,-0.014365967,-0.017799357,0.0007657689
538,4.629715489500747,-0.33333333333333337,3.6651914291880914,1.1202108,-0.051151186,0.06560105,-0.0010379762
539,4.629715489500747,-0.33333333333333337,4.71238898038469,1.0559161,-0.007596373,-0.032579377,0.0020322772
540,4.629715489500747,0.33333333333333326,-4.71238898038469,1.1277956,0.014107087,0.009483811,-0.00055149256
541,4.629715489500747,0.33333333333333326,-3.6651914291880923,1.192917,0.021312514,-0.006525882,-0.0009860691
542,4.629715489500747,0.33333333333333326,-2.6179938779914944,1.025549,-0.009558527,-0.04027071,0.0005869452
543,4.629715489500747,0.33333333333333326,-1.5707963267948966,1.1316328,0.033016514,0.014277835,-0.001929117
544,4.629715489500747,0.33333333333333326,-0.5235987755982991,1.1246878,0.04115922,-0.032030422,-0.0009954748
545,4.629715489500747,0.33333333333333326,0.5235987755982983,1.075961,0.009933258,-0.067063235,0.00090872915
546,4.629715489500747,0.33333333333333326,1.5707963267948966,1.1361175,-0.061501198,0.0541696,-0.00036318472
547,4.629715489500747,0.33333333333333326,2.617993877991494,1.1207507,0.05799694,0.029317077,0.00026492242
548,4.629715489500747,0.33333333333333326,3.6651914291880914,1.0457313,0.016452141,-0.033885848,-0.0025331904
549,4.629715489500747,0.33333333333333326,4.71238898038469,1.1277955,0.014107068,0.009483812,-0.00055149256
550,4.629715489500747,1.0,-4.71238898038469,0.0,0.0,3.429999e-19,0.0010648913
551,4.629715489500747,1.0,-3.6651914291880923,0.0,0.0,2.4034484e-20,0.009068915
552,4.629715489500747,1.0,-2.6179938779914944,0.0,0.0,5.867281e-20,0.0048477794
553,4.629715489500747,1.0,-1.5707963267948966,0.0,0.0,-1.9553412e-19,-0.0050458843
554,4.629715489500747,1.0,-0.5235987755982991,0.0,0.0,-1.03986994e-19,-0.0017612642
555,4.629715489500747,1.0,0.5235987755982983,0.0,0.0,-2.242522e-19,0.0049135014
556,4.629715489500747,1.0,1.5707963267948966,0.0,0.0,-1.8202792e-19,-0.002794075
557,4.629715489500747,1.0,2.617993877991494,0.0,0.0,1.80083e-19,0.005626813
558,4.629715489500747,1.0,3.6651914291880914,0.0,0.0,1.6286088e-19,0.007703624
559,4.629715489500747,1.0,4.71238898038469,0.0,0.0,3.4300026e-19,0.0010648812
560,5.952491343643818,-1.0,-4.71238898038469,0.0,0.0,-5.010813e-19,0.010195495
561,5.952491343643818,-1.0,-3.6651914291880923,0.0,0.0,-2.7034316e-20,0.0015982466
562,5.952491343643818,-1.0,-2.6179938779914944,0.0,0.0,2.419367e-19,-0.00823751
563,5.952491343643818,-1.0,-1.5707963267948966,0.0,0.0,6.510675e-20,0.0021500718
564,5.952491343643818,-1.0,-0.5235987755982991,0.0,0.0,-2.6037296e-19,-0.0048427717
565,5.952491343643818,-1.0,0.5235987755982983,0.0,0.0,-1.04988245e-19,0.0050254227
566,5.952491343643818,-1.0,1.5707963267948966,0.0,0.0,-4.227801e-20,0.0014786662
567,5.952491343643818,-1.0,2.617993877991494,0.0,0.0,-1.2934411e-19,0.005933004
568,5.952491343643818,-1.0,3.6651914291880914,0.0,0.0,3.5249873e-19,0.0029881715
569,5.952491343643818,-1.0,4.71238898038469,0.0,0.0,-5.010816e-19,0.010195492
570,5.952491343643818,-0.33333333333333337,-4.71238898038469,1.0155627,-0.019631973,-0.020284643,-0.0018329523
571,5.952491343643818,-0.33333333333333337,-3.6651914291880923,1.0311756,0.0019475074,0.053457063,-0.0026805012
572,5.952491343643818,-0.33333333333333337,-2.6179938779914944,1.204158,-0.039347664,-0.030615462,-0.0031166594
573,5.952491343643818,-0.33333333333333337,-1.5707963267948966,0.9866471,0.014947868,0.027233066,-0.0053525832
574,5.952491343643818,-0.33333333333333337,-0.5235987755982991,1.1663905,0.0029470287,0.0021544765,-0.0007967622
575,5.952491343643818,-0.33333333333333337,0.5235987755982983,1.0092238,0.018000701,-0.0590779,0.00042414095
576,5.952491343643818,-0.33333333333333337,1.5707963267948966,0.9974491,0.033170182,-0.017564023,-0.0010037727
577,5.952491343643818,-0.33333333333333337,2.617993877991494,1.0809637,0.025262093,0.0473423,0.0001755736
578,5.952491343643818,-0.33333333333333337,3.6651914291880914,1.1614676,-0.0057172403,0.0064877304,0.0029867264
579,5.952491343643818,-0.33333333333333337,4.71238898038469,1.0155627,-0.01963197,-0.02028464,-0.0018329518
580,5.952491343643818,0.33333333333333326,-4.71238898038469,1.1030697,0.02263398,0.056473933,-0.003070773
581,5.952491343643818,0.33333333333333326,-3.6651914291880923,1.1482292,-0.015815614,-0.002811284,0.00038940765
582,5.952491343643818,0.33333333333333326,-2.6179938779914944,1.0855968,-0.06079559,0.028999679,-0.0036241983
583,5.952491343643818,0.33333333333333326,-1.5707963267948966,1.1093565,-0.039253604,0.022455923,0.0033931048
584,5.952491343643818,0.33333333333333326,-0.5235987755982991,1.0643122,0.008558437,-0.015726168,0.0016634788
585,5.952491343643818,0.33333333333333326,0.5235987755982983,1.0328522,-0.011991158,0.009101092,0.0017839542
586,5.952491343643818,0.33333333333333326,1.5707963267948966,1.0641419,-0.013200081,0.077355415,-0.00018719959
587,5.952491343643818,0.33333333333333326,2.617993877991494,1.0455892,0.019368138,-0.04244561,2.426186e-05
588,5.952491343643818,0.33333333333333326,3.6651914291880914,1.0349188,-0.0295717,-0.037101187,-0.00080980285
589,5.952491343643818,0.33333333333333326,4.71238898038469,1.1030697,0.022633985,0.056473903,-0.003070772
590,5.952491343643818,1.0,-4.71238898038469,0.0,0.0,2.0464002e-19,0.0057486226
591,5.952491343643818,1.0,-3.6651914291880923,0.0,0.0,1.3719867e-19,0.0035312995
592,5.952491343643818,1.0,-2.6179938779914944,0.0,0.0,-2.3002768e-19,0.005021419
593,5.952491343643818,1.0,-1.5707963267948966,0.0,0.0,-1.3388493e-19,-0.0046027997
594,5.952491343643818,1.0,-0.5235987755982991,0.0,0.0,-1.1408665e-19,0.0037055707
595,5.952491343643818,1.0,0.5235987755982983,0.0,0.0,-8.199106e-20,0.0036494948
596,5.952491343643818,1.0,1.5707963267948966,0.0,0.0,2.1686677e-20,-0.0027787099
597,5.952491343643818,1.0,2.617993877991494,0.0,0.0,2.1403938e-19,-0.004241208
598,5.952491343643818,1.0,3.6651914291880914,0.0,0.0,1.1997724e-19,-0.0040940447
599,5.952491343643818,1.0,4.71238898038469,0.0,0.0,2.0463993e-19,0.005748627
600,7.275267197786889,-1.0,-4.71238898038469,0.0,0.0,2.7025947e-19,0.00020593274
601,7.275267197786889,-1.0,-3.6651914291880923,0.0,0.0,-1.7547975e-19,0.00049261015
602,7.275267197786889,-1.0,-2.6179938779914944,0.0,0.0,2.3459703e-19,0.0044712103
603,7.275267197786889,-1.0,-1.5707963267948966,0.0,0.0,-9.0806285e-20,0.003978662
604,7.275267197786889,-1.0,-0.5235987755982991,0.0,0.0,-2.020804e-19,0.0018342263
605,7.275267197786889,-1.0,0.5235987755982983,0.0,0.0,1.4378158e-19,-0.006842393
606,7.275267197786889,-1.0,1.5707963267948966,0.0,0.0,1.3199793e-19,-0.0008042727
607,7.275267197786889,-1.0,2.617993877991494,0.0,0.0,1.24428005e-20,-0.011939511
608,7.275267197786889,-1.0,3.6651914291880914,0.0,0.0,-4.9751073e-21,0.0010062903
609,7.275267197786889,-1.0,4.71238898038469,0.0,0.0,2.7025898e-19,0.00020593061
610,7.275267197786889,-0.33333333333333337,-4.71238898038469,0.9663454,0.11403186,-0.030594055,-0.0040144403
611,7.275267197786889,-0.33333333333333337,-3.6651914291880923,1.1452261,0.029088447,-0.09765353,-0.00032613147
612,7.275267197786889,-0.33333333333333337,-2.6179938779914944,1.0556628,0.16131198,0.03567951,-0.006237336
613,7.275267197786889,-0.33333333333333337,-1.5707963267948966,1.0544853,0.036312707,0.0014370043,0.0019929325
614,7.275267197786889,-0.33333333333333337,-0.5235987755982991,1.191308,-0.04550952,0.01287574,-0.0015266256
615,7.275267197786889,-0.33333333333333337,0.5235987755982983,1.1556425,-0.048723213,-0.026740419,-0.0004956922
616,7.275267197786889,-0.33333333333333337,1.5707963267948966,1.0024291,0.026323464,-0.0573718,-0.00018304231
617,7.275267197786889,-0.33333333333333337,2.617993877991494,1.0573351,-0.05161426,0.015737189,-0.0041686483
618,7.275267197786889,-0.33333333333333337,3.6651914291880914,1.1277858,-0.020727813,0.004582632,-0.002817575
619,7.275267197786889,-0.33333333333333337,4.71238898038469,0.9663454,0.114031844,-0.030594073,-0.0040144413
620,7.275267197786889,0.33333333333333326,-4.71238898038469,1.1181631,-0.05777551,0.04221282,-0.0010307877
621,7.275267197786889,0.33333333333333326,-3.6651914291880923,1.1302124,0.07803782,-0.031089608,-0.0020271945
622,7.275267197786889,0.33333333333333326,-2.6179938779914944,1.1150838,0.02586457,-0.044297975,-0.003996675
623,7.275267197786889,0.33333333333333326,-1.5707963267948966,1.1517301,0.043952383,0.004861156,-0.00090775185
624,7.275267197786889,0.33333333333333326,-0.5235987755982991,1.0065645,0.033579476,-0.034390874,-0.000569231
625,7.275267197786889,0.33333333333333326,0.5235987755982983,1.0737991,-0.081155434,0.031691685,-0.00082692195
626,7.275267197786889,0.33333333333333326,1.5707963267948966,1.107756,0.056454822,-0.017061267,-0.0009005027
627,7.275267197786889,0.33333333333333326,2.617993877991494,1.0639157,0.0285266,0.011337566,0.001948955
628,7.275267197786889,0.33333333333333326,3.6651914291880914,1.012557,-0.025071649,0.0075079734,-0.0055309576
629,7.275267197786889,0.33333333333333326,4.71238898038469,1.1181631,-0.05777553,0.042212833,-0.0010307875
630,7.275267197786889,1.0,-4.71238898038469,0.0,0.0,-2.1806337e-19,-0.0035542592
631,7.275267197786889,1.0,-3.6651914291880923,0.0,0.0,-4.8366967e-19,-0.00015911425
632,7.275267197786889,1.0,-2.6179938779914944,0.0,0.0,-8.3047415e-20,0.008551666
633,7.275267197786889,1.0,-1.5707963267948966,0.0,0.0,5.6566837e-20,0.0034224887
634,7.275267197786889,1.0,-0.5235987755982991,0.0,0.0,4.6627538e-20,0.0013513064
635,7.275267197786889,1.0,0.5235987755982983,0.0,0.0,1.394698e-19,-0.0058156727
636,7.275267197786889,1.0,1.5707963267948966,0.0,0.0,9.02674e-20,-0.008237473
637,7.275267197786889,1.0,2.617993877991494,0.0,0.0,1.2760994e-19,0.00554881
638,7.275267197786889,1.0,3.6651914291880914,0.0,0.0,-2.4820818e-19,0.008969681
639,7.275267197786889,1.0,4.71238898038469,0.0,0.0,-2.180634e-19,-0.0035542606
640,8.59804305192996,-1.0,-4.71238898038469,0.0,0.0,-1.1045674e-20,0.0108520845
641,8.59804305192996,-1.0,-3.6651914291880923,0.0,0.0,4.8131937e-20,0.003539603
642,8.59804305192996,-1.0,-2.6179938779914944,0.0,0.0,1.5460457e-19,-0.0036325033
643,8.59804305192996,-1.0,-1.5707963267948966,0.0,0.0,1.2788627e-19,0.012101978
644,8.59804305192996,-1.0,-0.5235987755982991,0.0,0.0,3.309578e-20,0.010440723
645,8.59804305192996,-1.0,0.5235987755982983,0.0,0.0,-4.1823822e-20,-0.005549274
646,8.59804305192996,-1.0,1.5707963267948966,0.0,0.0,-2.7999014e-19,-0.0016652243
647,8.59804305192996,-1.0,2.617993877991494,0.0,0.0,-2.609692e-19,0.0023599528
648,8.59804305192996,-1.0,3.6651914291880914,0.0,0.0,-4.889813e-20,-0.006158984
649,8.59804305192996,-1.0,4.71238898038469,0.0,0.0,-1.10452175e-20,0.010852082
650,8.59804305192996,-0.33333333333333337,-4.71238898038469,1.1121693,-0.02429652,0.018748531,0.0005503884
651,8.59804305192996,-0.33333333333333337,-3.6651914291880923,1.1292083,-0.043519348,-0.0035802955,-0.00052821176
652,8.59804305192996,-0.33333333333333337,-2.6179938779914944,0.9405744,0.0010434,0.06327896,-0.004570167
653,8.59804305192996,-0.33333333333333337,-1.5707963267948966,1.046072,0.008455375,-0.036935862,0.0016164904
654,8.59804305192996,-0.33333333333333337,-0.5235987755982991,1.1667757,-0.023629727,-0.029566888,-0.0019479158
655,8.59804305192996,-0.33333333333333337,0.5235987755982983,1.1308682,0.014594723,0.036062475,0.0011669102
656,8.59804305192996,-0.33333333333333337,1.5707963267948966,0.98038244,0.030637499,0.040623195,-0.0026973905
657,8.59804305192996,-0.33333333333333337,2.617993877991494,1.0501978,0.0049091317,0.02312443,-0.0019726045
658,8.59804305192996,-0.33333333333333337,3.6651914291880914,1.1245966,0.0095655015,-0.040581394,-0.00022708799
659,8.59804305192996,-0.33333333333333337,4.71238898038469,1.1121691,-0.024296505,0.018748533,0.0005503892
660,8.59804305192996,0.33333333333333326,-4.71238898038469,1.0306076,0.014218722,-0.013939125,0.000110340734
661,8.59804305192996,0.33333333333333326,-3.6651914291880923,1.015699,-0.006331793,-0.046484105,-0.005120818
662,8.59804305192996,0.33333333333333326,-2.6179938779914944,1.1884499,0.051923703,-0.03851622,-0.00017020742
663,8.59804305192996,0.33333333333333326,-1.5707963267948966,1.1666393,0.037704784,-0.054850977,0.0004413246
664,8.59804305192996,0.33333333333333326,-0.5235987755982991,1.0784621,0.02033306,-0.05958585,-0.0036023264
665,8.59804305192996,0.33333333333333326,0.5235987755982983,1.0383717,0.03167628,-0.07760533,-0.002603114
666,8.59804305192996,0.33333333333333326,1.5707963267948966,0.9534058,-0.017439257,-0.03740141,-0.0054081534
667,8.59804305192996,0.33333333333333326,2.617993877991494,1.0417936,-0.01034633,0.02782398,-0.0011003056
668,8.59804305192996,0.33333333333333326,3.6651914291880914,1.1119177,-0.069224074,-0.046031285,-0.004451225
669,8.59804305192996,0.33333333333333326,4.71238898038469,1.0306076,0.014218728,-0.013939132,0.00011034107
670,8.59804305192996,1.0,-4.71238898038469,0.0,0.0,2.554527e-19,-0.0014356694
671,8.59804305192996,1.0,-3.6651914291880923,0.0,0.0,1.8286283e-19,-0.0011906154
672,8.59804305192996,1.0,-2.6179938779914944,0.0,0.0,1.3214354e-19,-0.006235731
673,8.59804305192996,1.0,-1.5707963267948966,0.0,0.0,-2.706322e-19,-0.0011473708
674,8.59804305192996,1.0,-0.5235987755982991,0.0,0.0,2.582719e-19,-0.0064370953
675,8.59804305192996,1.0,0.5235987755982983,0.0,0.0,-4.6894252e-20,0.0010945206
676,8.59804305192996,1.0,1.5707963267948966,0.0,0.0,-1.4235325e-19,-0.0022903832
677,8.59804305192996,1.0,2.617993877991494,0.0,0.0,2.5682074e-20,0.005731786
678,8.59804305192996,1.0,3.6651914291880914,0.0,0.0,-1.8251278e-19,-0.005850107
679,8.59804305192996,1.0,4.71238898038469,0.0,0.0,2.554525e-19,-0.0014356696
680,9.92081890607303,-1.0,-4.71238898038469,0.0,0.0,-1.3014235e-19,0.00556209
681,9.92081890607303,-1.0,-3.6651914291880923,0.0,0.0,-4.9130994e-22,0.009644196
682,9.92081890607303,-1.0,-2.6179938779914944,0.0,0.0,-2.9969278e-19,0.004930779
683,9.92081890607303,-1.0,-1.5707963267948966,0.0,0.0,7.266594e-20,0.004226856
684,9.92081890607303,-1.0,-0.5235987755982991,0.0,0.0,-1.1652121e-19,-0.020061262
685,9.92081890607303,-1.0,0.5235987755982983,0.0,0.0,-2.5503935e-19,0.000992612
686,9.92081890607303,-1.0,1.5707963267948966,0.0,0.0,-1.3184756e-19,-0.003872486
687,9.92081890607303,-1.0,2.617993877991494,0.0,0.0,-1.2487872e-19,0.0005984282
688,9.92081890607303,-1.0,3.6651914291880914,0.0,0.0,1.5310093e-19,-0.0011266111
689,9.92081890607303,-1.0,4.71238898038469,0.0,0.0,-1.3014296e-19,0.0055620926
690,9.92081890607303,-0.33333333333333337,-4.71238898038469,1.0438546,-0.00094977557,-0.00015220822,0.0034671733
691,9.92081890607303,-0.33333333333333337,-3.6651914291880923,1.1749306,0.004989735,-0.085646495,-0.002496665
692,9.92081890607303,-0.33333333333333337,-2.6179938779914944,1.0719591,-0.020925684,0.04168748,-0.0002178207
693,9.92081890607303,-0.33333333333333337,-1.5707963267948966,1.0975575,0.014116648,-0.01215047,6.4312306e-05
694,9.92081890607303,-0.33333333333333337,-0.5235987755982991,1.1724423,5.451769e-06,0.0078124497,0.0028523367
695,9.92081890607303,-0.33333333333333337,0.5235987755982983,1.1247727,-0.016134093,-0.00059156504,0.0016086532
696,9.92081890607303,-0.33333333333333337,1.5707963267948966,1.0896962,0.011180351,-0.013380609,-0.001781707
697,9.92081890607303,-0.33333333333333337,2.617993877991494,1.0678829,0.009996971,-0.016157372,0.0011389296
698,9.92081890607303,-0.33333333333333337,3.6651914291880914,1.087488,-0.0098298155,0.0011747398,0.0033279774
699,9.92081890607303,-0.33333333333333337,4.71238898038469,1.0438546,-0.0009497778,-0.0001522096,0.0034671735
700,9.92081890607303,0.33333333333333326,-4.71238898038469,1.1451076,-0.02414351,-0.05248472,-0.0008753759
701,9.92081890607303,0.33333333333333326,-3.6651914291880923,1.1042511,0.06697313,-0.041791964,-0.0004377866
702,9.92081890607303,0.33333333333333326,-2.6179938779914944,1.1657258,-0.005737193,-0.010742985,0.00032102218
703,9.92081890607303,0.33333333333333326,-1.5707963267948966,1.1358924,-0.020151695,-0.005872299,0.001551591
704,9.92081890607303,0.33333333333333326,-0.5235987755982991,1.087316,-0.0060216677,-0.03847802,0.00020188586
705,9.92081890607303,0.33333333333333326,0.5235987755982983,1.1097099,0.011958636,0.035105478,-0.00056032056
706,9.92081890607303,0.33333333333333326,1.5707963267948966,1.0561014,-0.13179472,0.0015501851,-0.0068942816
707,9.92081890607303,0.33333333333333326,2.617993877991494,1.1571952,-0.021120347,-0.056967128,-0.00084873615
708,9.92081890607303,0.33333333333333326,3.6651914291880914,1.073894,-0.03380245,-0.06950229,-7.095037e-05
709,9.92081890607303,0.33333333333333326,4.71238898038469,1.1451076,-0.024143513,-0.052484702,-0.0008753756
710,9.92081890607303,1.0,-4.71238898038469,0.0,0.0,-9.775765e-20,0.0034656872
711,9.92081890607303,1.0,-3.6651914291880923,0.0,0.0,2.198118e-20,0.0010544673
712,9.92081890607303,1.0,-2.6179938779914944,0.0,0.0,-1.5570883e-19,0.0069504827
713,9.92081890607303,1.0,-1.5707963267948966,0.0,0.0,-2.4720481e-19,0.0024836366
714,9.92081890607303,1.0,-0.5235987755982991,0.0,0.0,1.7961293e-19,0.0024194315
715,9.92081890607303,1.0,0.5235987755982983,0.0,0.0,-1.2193764e-19,0.004195117
716,9.92081890607303,1.0,1.5707963267948966,0.0,0.0,3.8288294e-20,0.0002669158
717,9.92081890607303,1.0,2.617993877991494,0.0,0.0,2.239924e-19,0.0022818013
718,9.92081890607303,1.0,3.6651914291880914,0.0,0.0,4.633842e-20,-0.0055071586
719,9.92081890607303,1.0,4.71238898038469,0.0,0.0,-9.775721e-20,0.0034656904
720,11.243594760216101,-1.0,-4.71238898038469,0.0,0.0,-2.8666965e-20,0.0022058126
721,11.243594760216101,-1.0,-3.6651914291880923,0.0,0.0,2.5084523e-19,0.0067588394
722,11.243594760216101,-1.0,-2.6179938779914944,0.0,0.0,-1.063681e-19,-0.0021635739
723,11.243594760216101,-1.0,-1.5707963267948966,0.0,0.0,1.502558e-19,0.0005244317
724,11.243594760216101,-1.0,-0.5235987755982991,0.0,0.0,3.567626e-19,-0.005010315
725,11.243594760216101,-1.0,0.5235987755982983,0.0,0.0,2.2793595e-20,0.00077357265
726,11.243594760216101,-1.0,1.5707963267948966,0.0,0.0,-6.547218e-20,0.0020140132
727,11.243594760216101,-1.0,2.617993877991494,0.0,0.0,-1.5569805e-19,-0.0011629248
728,11.243594760216101,-1.0,3.6651914291880914,0.0,0.0,4.888568e-20,0.00051018165
729,11.243594760216101,-1.0,4.71238898038469,0.0,0.0,-2.86668e-20,0.002205812
730,11.243594760216101,-0.33333333333333337,-4.71238898038469,0.9811537,0.074393354,-0.068888724,0.0022522027
731,11.243594760216101,-0.33333333333333337,-3.6651914291880923,1.1739011,-0.030390369,0.0008906305,0.00036200066
732,11.243594760216101,-0.33333333333333337,-2.6179938779914944,1.0797151,0.022282427,-0.0022361453,0.0057628853
733,11.243594760216101,-0.33333333333333337,-1.5707963267948966,1.0745054,0.019818567,0.050908852,-0.0031690807
734,11.243594760216101,-0.33333333333333337,-0.5235987755982991,1.0785336,-0.08999172,-0.058832817,-0.0019320964
735,11.243594760216101,-0.33333333333333337,0.5235987755982983,1.0307786,0.07245938,0.03504669,-0.0015289694
736,11.243594760216101,-0.33333333333333337,1.5707963267948966,1.1095939,-0.015680755,0.021345377,-0.002784158
737,11.243594760216101,-0.33333333333333337,2.617993877991494,1.1240993,-0.015690323,0.02469968,0.0036712256
738,11.243594760216101,-0.33333333333333337,3.6651914291880914,1.1097783,0.06743976,-0.027911797,-0.0026549594
739,11.243594760216101,-0.33333333333333337,4.71238898038469,0.9811537,0.07439335,-0.06888872,0.0022522027
740,11.243594760216101,0.33333333333333326,-4.71238898038469,1.1411695,-0.006310111,-0.038296163,0.00037158676
741,11.243594760216101,0.33333333333333326,-3.6651914291880923,1.0756136,-0.041790534,0.02647668,-0.0018159918
742,11.243594760216101,0.33333333333333326,-2.6179938779914944,1.1357512,0.03205788,0.05604221,-0.003969879
743,11.243594760216101,0.33333333333333326,-1.5707963267948966,1.0237205,0.0035305764,-0.013422713,0.0004877293
744,11.243594760216101,0.33333333333333326,-0.5235987755982991,1.1022921,0.07429504,-0.112809695,-0.0041327346
745,11.243594760216101,0.33333333333333326,0.5235987755982983,1.1240152,0.03759041,0.034842823,-0.0022391537
746,11.243594760216101,0.33333333333333326,1.5707963267948966,1.0555403,0.017577706,0.047467098,-0.0020392837
747,11.243594760216101,0.33333333333333326,2.617993877991494,1.1637217,-0.053045854,0.048141547,-0.0009795396
748,11.243594760216101,0.33333333333333326,3.6651914291880914,1.0809189,0.059636507,0.0017494162,-0.00026916031
749,11.243594760216101,0.33333333333333326,4.71238898038469,1.1411694,-0.006310115,-0.03829616,0.00037158665
750,11.243594760216101,1.0,-4.71238898038469,0.0,0.0,-1.1814463e-19,0.004406666
751,11.243594760216101,1.0,-3.6651914291880923,0.0,0.0,-7.735376e-20,-0.0019818065
752,11.243594760216101,1.0,-2.6179938779914944,0.0,0.0,3.2303264e-19,-0.009490527
753,11.243594760216101,1.0,-1.5707963267948966,0.0,0.0,-1.2055687e-19,0.010960862
754,11.243594760216101,1.0,-0.5235987755982991,0.0,0.0,7.895597e-20,0.00018665739
755,11.243594760216101,1.0,0.5235987755982983,0.0,0.0,3.774989e-21,-0.0031830287
756,11.243594760216101,1.0,1.5707963267948966,0.0,0.0,6.157251e-20,-0.0022921804
757,11.243594760216101,1.0,2.617993877991494,0.0,0.0,1.3637957e-19,-0.0022996585
758,11.243594760216101,1.0,3.6651914291880914,0.0,0.0,-2.3742415e-19,-0.00889468
759,11.243594760216101,1.0,4.71238898038469,0.0,0.0,-1.1814517e-19,0.0044066664
760,12.566370614359172,-1.0,-4.71238898038469,0.0,0.0,-2.839962e-19,0.0028300267
761,12.566370614359172,-1.0,-3.6651914291880923,0.0,0.0,-7.204474e-21,-0.004363578
762,12.566370614359172,-1.0,-2.6179938779914944,0.0,0.0,2.632811e-20,-0.0056303428
763,12.566370614359172,-1.0,-1.5707963267948966,0.0,0.0,-2.8268791e-19,-0.0032397278
764,12.566370614359172,-1.0,-0.5235987755982991,0.0,0.0,1.5809444e-19,0.015271575
765,12.566370614359172,-1.0,0.5235987755982983,0.0,0.0,-5.500532e-20,0.0067762705
766,12.566370614359172,-1.0,1.5707963267948966,0.0,0.0,-1.3927254e-19,0.013354313
767,12.566370614359172,-1.0,2.617993877991494,0.0,0.0,-2.826373e-19,-0.0064779934
768,12.566370614359172,-1.0,3.6651914291880914,0.0,0.0,-1.3864232e-19,-0.0047609853
769,12.566370614359172,-1.0,4.71238898038469,0.0,0.0,-2.839964e-19,0.0028300257
770,12.566370614359172,-0.33333333333333337,-4.71238898038469,1.0540472,0.049374852,0.00516972,0.0015678409
771,12.566370614359172,-0.33333333333333337,-3.6651914291880923,1.0679691,0.044533722,0.023040561,0.0025208644
772,12.566370614359172,-0.33333333333333337,-2.6179938779914944,1.053839,0.09623274,0.06349165,-0.0018590434
773,12.566370614359172,-0.33333333333333337,-1.5707963267948966,0.9730999,0.060749076,-0.03203642,7.703879e-05
774,12.566370614359172,-0.33333333333333337,-0.5235987755982991,1.1878175,-0.03587714,0.034569122,0.0007140389
775,12.566370614359172,-0.33333333333333337,0.5235987755982983,1.114241,0.10490357,-0.044193882,-0.004434045
776,12.566370614359172,-0.33333333333333337,1.5707963267948966,1.1405847,0.0340871,0.029072184,0.0002582842
777,12.566370614359172,-0.33333333333333337,2.617993877991494,1.0159962,0.03766858,-0.02709696,-0.0012296311
778,12.566370614359172,-0.33333333333333337,3.6651914291880914,1.0986863,0.024418248,-0.024717309,-0.00051112124
779,12.566370614359172,-0.33333333333333337,4.71238898038469,1.0540472,0.049374852,0.005169723,0.0015678412
780,12.566370614359172,0.33333333333333326,-4.71238898038469,1.1475827,0.0070581622,0.03936262,0.0003653766
781,12.566370614359172,0.33333333333333326,-3.6651914291880923,1.0957755,0.036036193,0.031553574,-0.0008735229
782,12.566370614359172,0.33333333333333326,-2.6179938779914944,1.1300484,0.002016252,-0.034907434,0.0022100848
783,12.566370614359172,0.33333333333333326,-1.5707963267948966,1.1465816,-0.00093234354,0.08600548,0.0024771518
784,12.566370614359172,0.33333333333333326,-0.5235987755982991,1.0136721,0.035347987,0.051410127,0.0005168708
785,12.566370614359172,0.33333333333333326,0.5235987755982983,1.1989188,0.0041004843,-0.04096522,-0.0014337047
786,12.566370614359172,0.33333333333333326,1.5707963267948966,1.1489854,0.03332503,0.033062115,0.00035368477
787,12.566370614359172,0.33333333333333326,2.617993877991494,1.1183822,0.060114935,-0.035310112,-0.00024259229
788,12.566370614359172,0.33333333333333326,3.6651914291880914,1.026928,0.023760505,-0.024208851,-0.0013391239
789,12.566370614359172,0.33333333333333326,4.71238898038469,1.1475827,0.0070581646,0.039362624,0.00036537644
790,12.566370614359172,1.0,-4.71238898038469,0.0,0.0,1.9340332e-19,0.0013017023
791,12.566370614359172,1.0,-3.6651914291880923,0.0,0.0,-1.7370013e-20,0.0010118057
792,12.566370614359172,1.0,-2.6179938779914944,0.0,0.0,-1.4747373e-19,0.003254656
793,12.566370614359172,1.0,-1.5707963267948966,0.0,0.0,-1.8114143e-19,-0.015207576
794,12.566370614359172,1.0,-0.5235987755982991,0.0,0.0,7.8529115e-20,-0.004503983
795,12.566370614359172,1.0,0.5235987755982983,0.0,0.0,1.965231e-19,0.0040549464
796,12.566370614359172,1.0,1.5707963267948966,0.0,0.0,5.746028e-20,0.00027084822
797,12.566370614359172,1.0,2.617993877991494,0.0,0.0,2.3260443e-19,0.0015046194
798,12.566370614359172,1.0,3.6651914291880914,0.0,0.0,-2.2134498e-19,0.0013553568
799,12.566370614359172,1.0,4.71238898038469,0.0,0.0,1.934036e-19,0.0013017029
